,,,,
,SCOPE RECONCILIATION — SIGN-OFF,,,
,To be completed after the GAP REGISTER is filled and reviewed.,,,
,,,,
,Decision summary (auto-tally once GAP REGISTER filled),,,
,Items reviewed,28,,
,Marked DEFERRED,0,,
,Marked DROPPED,0,,
,Marked COVERED,0,,
,Marked WILL-ADD,0,,
,Marked CONFIRM-BUILT,0,,
,Still TBD / blank,28,,
,,,,
,HIGH-severity gaps must be DEFERRED-with-appendix or WILL-ADD before MVP sign-off:,,,
,•  AI-02 LLM observability,,,
,•  AI-03 prompt versioning + eval harness,,,
,•  AI-12 cost quota,,,
,•  B-48 behavioural fraud scoring,,,
,•  Pen-test timing (CHANGED tab),,,
,,,,
,Acceptance,,,
,Role,Name,Decision (Accept / Revise),Date
,Founder / Product Owner (Saiju),,,
,Lead Developer,,,
,AI Solution Architect,,,
,Compliance (tax/privacy),,,
,,,,
,"Once signed: update booklet post-MVP appendix with all DEFERRED/DROPPED items, and update Estimation v1.2 to remove them from MVP totals so all three artifacts agree.",,,